{"cameraMode":{"drawMode":0,"name":"Shaded","section":"Shading Mode"},"sceneLighting":true,"audioPlay":false,"sceneViewState":{"showFog":true,"showMaterialUpdate":false,"showSkybox":false,"showFlares":true,"showImageEffects":true,"showParticleSystems":true},"in2DMode":false,"pivot":{"x":-5.870902061462402,"y":5.310973644256592,"z":16.304405212402345},"rotation":{"x":0.20477743446826936,"y":-0.7548364400863648,"z":0.558343231678009,"w":0.276660680770874},"size":115.39498901367188,"orthographic":true}