{"cameraMode":{"drawMode":0,"name":"Shaded","section":"Shading Mode"},"sceneLighting":true,"audioPlay":false,"sceneViewState":{"showFog":true,"showMaterialUpdate":false,"showSkybox":false,"showFlares":true,"showImageEffects":true,"showParticleSystems":true},"in2DMode":false,"pivot":{"x":-5.870902061462402,"y":5.310973644256592,"z":16.304405212402345},"rotation":{"x":0.3763781189918518,"y":-0.04717221483588219,"z":0.019082197919487954,"w":0.9250677227973938},"size":130.32876586914063,"orthographic":true}